term,score
hong,0.063934761
kong,0.063805389
buy,0.016516291
get,0.013989749
look,0.012385551
recommendation,0.012362601
anyone,0.012262063
question,0.011932156
best,0.011529531
store,0.010705599
help,0.010552564
year,0.010352023
hongkong,0.010215925
travel,0.009942284
china,0.009641039
find,0.00963404
day,0.009466219
place,0.009363415
know,0.008905469
move,0.008000711
card,0.007550187
work,0.007492847
good,0.007388523
people,0.006993455
use,0.006903993
time,0.006833896
layover,0.0068129
new,0.006753313
city,0.006470349
hotel,0.006423957
service,0.006393914
amp,0.006205419
national,0.006196727
say,0.006184482
shop,0.005854617
month,0.005793552
hour,0.005766395
need,0.005683826
tourist,0.005556899
like,0.005495269
airport,0.005489405
take,0.005409104
halloween,0.00539025
bring,0.005256237
home,0.005253278
police,0.005244582
one,0.005169366
first,0.005156836
ticket,0.005125782
public,0.005045608
mainland,0.00502314
bar,0.004998059
chinese,0.004974365
chief,0.004955958
iphone,0.004934693
cantonese,0.004869542
old,0.004814081
visa,0.004778946
park,0.004682735
please,0.004611288
family,0.004611168
bank,0.00460981
job,0.004590547
expat,0.004570385
macau,0.004448285
ask,0.004407877
sell,0.004277548
camera,0.004267756
milk,0.004196887
watch,0.004189433
free,0.004146491
non,0.004128012
mtr,0.004114146
live,0.00407538
sunset,0.00406648
night,0.004062606
style,0.004014024
discussion,0.003983307
weekly,0.003983307
many,0.003937405
world,0.003902006
kowloon,0.003883709
rental,0.003883632
passport,0.003864931
law,0.003850333
stay,0.003844857
show,0.00383741
call,0.003822188
visit,0.00377883
island,0.00376948
photo,0.003755177
drive,0.00372341
experience,0.003708892
see,0.003706497
security,0.003699516
club,0.003695418
central,0.003667302
way,0.003666676
start,0.003651054
cheap,0.003629058
party,0.003592452
man,0.003591088
exchange,0.003545922
permit,0.003508866
right,0.003508849
game,0.003499445
woman,0.003498318
study,0.003469011
money,0.003452389
come,0.003439891
early,0.003430517
happen,0.003420359
bus,0.003388431
another,0.003353989
product,0.00332481
light,0.003315749
suggestion,0.003292919
market,0.00328127
hkg,0.003276629
apple,0.003276602
block,0.003252956
price,0.003245283
two,0.0032427
hkid,0.003232282
house,0.003217104
sim,0.003214475
rise,0.003196939
octopus,0.00318888
phone,0.003188442
music,0.003177206
student,0.003175534
housing,0.003156894
thing,0.003155063
back,0.003150438
dog,0.00313175
lose,0.003127732
news,0.003114419
site,0.003113225
top,0.003112731
car,0.003111637
tonight,0.003078402
flight,0.003058212
shenzhen,0.003029642
rent,0.003015034
bay,0.003009174
area,0.002999519
business,0.002996904
victoria,0.002996352
guy,0.00299402
try,0.002962634
want,0.002934281
express,0.002926898
plan,0.002918601
near,0.002917204
ban,0.002906515
website,0.002889871
still,0.002875665
english,0.002872289
wan,0.002850491
scheme,0.002845664
book,0.002837957
speak,0.002836623
transfer,0.00280995
survey,0.002801653
university,0.002784055
hair,0.002781642
enter,0.002779478
think,0.002772152
anniversary,0.002763467
cost,0.002758999
hear,0.002754308
foreign,0.002731064
ever,0.002714517
tech,0.002706531
app,0.002704355
government,0.002687449
driver,0.002681871
christmas,0.002672223
tea,0.002672164
gov,0.002650801
name,0.00263455
smart,0.002631861
transit,0.002629555
seek,0.002627887
water,0.002620321
leave,0.002618566
idea,0.002593603
feel,0.002582991
happy,0.002574443
weather,0.002561705
local,0.002560891
jail,0.00254537
life,0.002536044
number,0.002533937
ferry,0.002520696
beijing,0.002518664
give,0.002513097
million,0.002511608
talent,0.002501856
cinema,0.002488154
collection,0.002475549
scam,0.002457772
sunday,0.002456528
health,0.002446862
run,0.002441151
taxi,0.002434223
partner,0.002433177
protest,0.002431015
payment,0.002430897
fee,0.002430586
food,0.00242607
movie,0.002422673
love,0.002395027
week,0.002393769
drone,0.002387333
traditional,0.002384349
developer,0.00238285
long,0.002369069
young,0.002359856
affordable,0.002336742
wanchai,0.002336724
person,0.002332162
amid,0.002319518
immigration,0.002309987
court,0.002307287
freedom,0.002303632
crypto,0.002286575
lens,0.002283612
celebration,0.002277221
cool,0.002271617
set,0.002268031
culture,0.002266029
prescription,0.002256021
would,0.002252413
spot,0.002248247
monkey,0.002240702
issue,0.002233214
limit,0.002223422
stuff,0.002215758
foreigner,0.002210561
umbrella,0.002203
arrest,0.002189917
return,0.002188146
hongkongers,0.002173929
delivery,0.002171553
disneyland,0.002167576
kok,0.002152867
mong,0.002152867
tourism,0.002138916
today,0.002133574
passenger,0.002125042
could,0.002122154
carry,0.002110776
application,0.002108756
language,0.002108527
typhoon,0.002104841
concern,0.002102887
pay,0.002089127
thrifting,0.002067865
fix,0.002067742
turn,0.002060668
gift,0.002052566
data,0.002041849
hit,0.002037676
office,0.002033447
sneaker,0.002027051
ocean,0.002023726
facial,0.002017229
harbour,0.00201633
enough,0.002009985
date,0.002008348
around,0.002006934
doctor,0.001998506
eat,0.001986381
system,0.001976749
friendly,0.001970911
event,0.001966687
consumer,0.001966492
apartment,0.001966272
peak,0.001964256
official,0.00196229
fall,0.001955819
coffee,0.001954774
provider,0.001950678
medium,0.001950559
term,0.001946586
dead,0.001943298
advice,0.001938538
overseas,0.001935408
fly,0.001920438
weird,0.001920394
street,0.001912839
itinerary,0.001899752
picture,0.001897805
commerce,0.001892663
much,0.00189201
jordan,0.001891756
self,0.001889492
open,0.001886858
replacement,0.001883212
miss,0.001881082
station,0.001878533
shoe,0.001875567
fan,0.00187398
decline,0.001872751
restaurant,0.001871836
death,0.001869721
short,0.001869654
lee,0.001869563
high,0.001866946
dress,0.001856563
map,0.001854727
hot,0.001853536
sheung,0.001850721
donate,0.00184843
software,0.001839312
room,0.001829073
expert,0.001826092
classic,0.001821578
schedule,0.001820391
recommend,0.001819035
box,0.001804544
walk,0.00180078
judge,0.001792067
etc,0.001791736
child,0.001791042
via,0.001787981
make,0.001787668
document,0.001785141
extension,0.001783809
low,0.001782116
end,0.001775251
video,0.001773594
pro,0.001767256
smoke,0.001766434
clothing,0.001763941
dse,0.00176128
kongers,0.00176011
hkd,0.001754132
four,0.001750473
futu,0.001749541
repair,0.001741655
film,0.001735612
company,0.001727355
documentary,0.00172455
color,0.001723759
rank,0.001720919
struggle,0.001716427
receive,0.001715972
medicine,0.001715498
cabby,0.001709973
school,0.001703986
development,0.00169776
tailor,0.001690639
check,0.00169039
trip,0.001683449
access,0.001683107
flag,0.001680557
regard,0.001677997
chain,0.001673124
item,0.001670156
labubu,0.00165391
qipao,0.001653617
cup,0.001650532
interest,0.0016491
learn,0.001643437
land,0.001643244
homelessness,0.001635019
appear,0.001627647
taiwan,0.001618935
personal,0.001618137
former,0.001617941
breakfast,0.001609492
popular,0.001609483
kind,0.001604798
real,0.001595731
cultural,0.001593098
grant,0.001589878
trouble,0.001585143
seem,0.001583358
break,0.001579213
secret,0.001576026
finance,0.001575298
november,0.001574133
fun,0.001566388
unique,0.001563142
urge,0.001558609
wall,0.00155773
pipe,0.001556782
feature,0.001555361
hold,0.001553923
couple,0.001552249
drink,0.001542631
arrive,0.001538778
esim,0.001538228
west,0.00153761
white,0.001536867
bbc,0.001535947
celebrate,0.001529881
sky,0.001528543
hkfp,0.001526021
random,0.001525756
afternoon,0.001520079
care,0.001517846
reco,0.001514325
snack,0.001508399
broadband,0.001508135
cash,0.001503929
capture,0.00149972
infection,0.001493083
billion,0.001491002
paper,0.001489145
trust,0.001486905
raise,0.001486792
die,0.001486609
warn,0.001485086
small,0.001484451
tell,0.001484141
wet,0.001482756
tram,0.001479293
wed,0.001476678
red,0.001476051
longer,0.001469814
fossil,0.001463785
space,0.001463005
replace,0.001456613
usdt,0.001453314
poverty,0.001451587
budget,0.001448144
case,0.00144737
different,0.001447167
fair,0.001445601
discrimination,0.001445026
safety,0.001442231
single,0.001434671
source,0.001433178
interview,0.001432434
haunt,0.001429788
band,0.001426626
hospital,0.001422717
recs,0.00142119
watchdog,0.001412614
construction,0.00141162
code,0.001410824
curry,0.001408863
cut,0.001403944
football,0.001403463
parcel,0.001401296
sha,0.001401122
tsim,0.001401122
tsui,0.001401122
cat,0.001400284
increase,0.001399358
january,0.00139722
traveler,0.001395453
meet,0.001394877
venue,0.001393112
wedding,0.00138855
screen,0.001379985
three,0.001379534
sedition,0.001376637
anything,0.001375727
clean,0.001375106
friend,0.001371616
reform,0.001367761
circle,0.001367453
customer,0.001365782
parent,0.001365287
fund,0.001364498
diner,0.001362715
art,0.001360845
pub,0.001360398
involve,0.001350996
special,0.001347777
pacific,0.001345737
cheapest,0.001345173
contact,0.001344125
available,0.001341531
big,0.001340593
group,0.001339376
threat,0.001336331
channel,0.001335883
song,0.001335344
warns,0.001329799
volleyball,0.001325476
twin,0.001318624
head,0.001314351
melioidosis,0.00131237
tour,0.00131108
soup,0.001310648
team,0.001309584
lawmaker,0.00130922
copy,0.001307046
consider,0.001304458
men,0.001304416
really,0.00130363
search,0.001301742
debit,0.001297294
state,0.001296427
crazy,0.001296356
cantopop,0.001292495
luggage,0.001290707
yall,0.001288957
post,0.001287304
account,0.001286525
relocate,0.001285733
without,0.00128144
black,0.001280891
press,0.001280009
shopping,0.0012797
support,0.001276901
charge,0.001276808
fake,0.001271058
cake,0.001270933
laptop,0.001268876
kid,0.001267809
report,0.001267412
labour,0.00126591
hker,0.001263887
shirt,0.001263314
hunt,0.001262678
treasure,0.001262678
crime,0.001262304
john,0.00126146
permanent,0.001261215
december,0.001260591
egg,0.001260354
cafe,0.001258928
chai,0.001258413
victim,0.001258245
listing,0.001252716
toy,0.001249845
balance,0.001249843
master,0.001249301
possible,0.001246197
scene,0.001244936
growth,0.001244904
photoshoot,0.001241867
lady,0.001239364
win,0.001233635
league,0.001233599
flat,0.001231722
also,0.001230012
order,0.001228957
super,0.00122866
bit,0.001228003
carousell,0.001221984
economy,0.001217913
figure,0.001215874
birthday,0.001214922
heavy,0.001213674
sport,0.00121082
full,0.00121038
clothes,0.001209799
internet,0.001207647
sit,0.001206545
maker,0.001204109
mean,0.001202605
custom,0.001200894
coldplay,0.001200701
physical,0.001198687
indian,0.001196848
wear,0.001195235
basketball,0.001191651
explainer,0.001190165
hard,0.001189135
let,0.001188645
resident,0.001188113
hang,0.001186648
hkia,0.001182534
hub,0.001180224
license,0.001177095
sub,0.001173522
stock,0.001172583
star,0.001171467
put,0.001170063
october,0.001169761
member,0.001168562
amateur,0.001167912
history,0.001166945
severely,0.001166641
morning,0.001166433
nathan,0.001166221
tst,0.001165256
teacher,0.001165121
lol,0.001162681
hate,0.00116168
stand,0.001152839
beautiful,0.001152191
deliver,0.001151521
every,0.001148894
authentic,0.001147103
policeman,0.001139868
difference,0.001139236
thousand,0.001138291
weekend,0.001136516
com,0.001135617
executive,0.001135402
retail,0.001130392
sale,0.001130392
boost,0.001129514
warehouse,0.001128361
clinic,0.001127879
per,0.001126787
vibe,0.001125345
rich,0.001124202
backpack,0.001122005
biggest,0.001121693
firework,0.001120702
pop,0.001119522
nba,0.001118602
review,0.001117716
urgent,0.001116491
homeless,0.001113883
stone,0.001108616
never,0.001108015
plastic,0.001106322
salary,0.001105552
taiwanese,0.001104105
stop,0.001104006
sign,0.001102739
democratic,0.001098941
gon,0.001098749
registration,0.001098742
waterfall,0.001098651
college,0.001097858
race,0.001096976
luxury,0.001096506
roll,0.001092964
specific,0.001092908
especially,0.001092671
usd,0.001092376
body,0.001088
season,0.00108681
demolish,0.001082144
activity,0.001079377
send,0.001079236
anthem,0.001077524
certificate,0.001075518
winter,0.001071978
among,0.001071011
pet,0.001067422
fashion,0.001064227
always,0.001061581
sticker,0.001059677
crackdown,0.001057296
lowest,0.001057101
samgor,0.001057055
tamjai,0.001057055
penalty,0.001056823
representative,0.001054056
board,0.001051019
future,0.001049232
british,0.001045656
enjoy,0.001041968
purchase,0.001041213
unit,0.001039331
fraud,0.00103867
port,0.001034597
better,0.001032516
holiday,0.001030276
credit,0.001029778
next,0.00102713
believe,0.001025478
process,0.00102041
bno,0.001017769
forward,0.001017725
fruit,0.001017089
part,0.001016376
tax,0.001015828
closure,0.001015452
hkers,0.001015349
library,0.001014499
face,0.001011837
japanese,0.001011833
revamp,0.001009836
fill,0.001009417
guest,0.001009125
six,0.001008878
female,0.001007282
solo,0.001007282
away,0.001005569
canada,0.000999881
movement,0.000995832
capacity,0.000991241
assault,0.000981355
govt,0.000977565
saturday,0.000977191
shrinkflation,0.000976062
ppl,0.000973294
tip,0.000966205
must,0.000964668
credential,0.000959867
baby,0.00095704
terrace,0.000954731
aim,0.000951452
recruiter,0.000948305
worth,0.000940449
road,0.000939956
photographer,0.000937101
plunge,0.000935644
theft,0.000931216
fight,0.000930854
injure,0.000927652
leader,0.000925053
jailed,0.000924079
announce,0.000923983
runway,0.000920035
ethnic,0.000918415
minority,0.000918415
may,0.000917368
critique,0.000911753
renewal,0.000910112
base,0.00090554
officer,0.000905451
impact,0.000905224
fail,0.000894021
cathay,0.000893129
bag,0.000893016
info,0.000891962
wave,0.000884161
sun,0.000882773
backing,0.00087816
tei,0.000875839
yau,0.000875839
accuse,0.000874891
promote,0.000873782
launch,0.000872778
probe,0.000872778
outlet,0.00087126
sen,0.000869402
share,0.000868718
annual,0.000868134
district,0.000866943
lam,0.000863504
waste,0.000862842
propose,0.000861412
extend,0.000859305
zoo,0.000858645
since,0.000857449
healthcare,0.000857048
saw,0.000856892
slam,0.000856171
rule,0.000855539
ngo,0.000854087
record,0.000852218
mental,0.000849303
keep,0.000848952
divide,0.000845732
arabic,0.00084293
address,0.000841714
policy,0.000841714
deploy,0.000835506
sexual,0.000829711
helper,0.000829693
financial,0.000823938
last,0.000818828
director,0.000818784
johnnie,0.000818784
worker,0.000817147
union,0.000809331
editor,0.000808704
line,0.000799599
education,0.000791954
global,0.000790846
cite,0.000784945
reason,0.000784945
thought,0.000784128
feedback,0.000778377
recent,0.000767401
expensive,0.000765035
minute,0.000745499
notice,0.000725632
newspaper,0.000718925
jimmy,0.000718382
jury,0.000718382
lai,0.000718382
libel,0.000718382
suit,0.000718382
diaspora,0.000712315
firm,0.000712315
ground,0.000712315
platform,0.000710877
holder,0.000695537
murder,0.000692623
south,0.000686417
thank,0.000649797
even,0.000621752
